<?xml version="1.0" encoding="UTF-8"?>
<project-private xmlns="http://www.netbeans.org/ns/project-private/1">
    <editor-bookmarks xmlns="http://www.netbeans.org/ns/editor-bookmarks/2" lastBookmarkId="0"/>
    <open-files xmlns="http://www.netbeans.org/ns/projectui-open-files/2">
        <group>
            <file>file:/C:/Users/Fatec/Desktop/WebApplication1/src/conf/persistence.xml</file>
            <file>file:/C:/Users/Fatec/Desktop/WebApplication1/web/cadastro.jsp</file>
            <file>file:/C:/Users/Fatec/Desktop/WebApplication1/web/index.jsp</file>
            <file>file:/C:/Users/Fatec/Desktop/WebApplication1/src/java/cadastroAluno.java</file>
            <file>file:/C:/Users/Fatec/Desktop/WebApplication1/src/java/controle/servicos.java</file>
            <file>file:/C:/Users/Fatec/Desktop/WebApplication1/src/java/pesquisaAluno.java</file>
            <file>file:/C:/Users/Fatec/Desktop/WebApplication1/src/java/controle/TblAluno.java</file>
            <file>file:/C:/Users/Fatec/Desktop/WebApplication1/src/java/controle/conexao.java</file>
        </group>
    </open-files>
</project-private>
